"폴더경로","파일수","총용량MB","가장오래된수정일","가장최근수정일","상위확장자3개"
"C:\Users\hyun0\Downloads","140","3744.97","2021-10-07","2026-09-01","png(43)|pdf(35)|zip(24)"
"C:\Users\hyun0\Desktop\ISMS\연습문제\문제","106","77.33","2024-05-20","2024-05-21","pdf(106)"
"C:\Users\hyun0\Desktop\ISMS\연습문제\해설","98","81.4","2024-04-26","2024-05-21","pdf(98)"
"C:\Users\hyun0\Documents\김현래\소개자료\SF_work\resources\images","85","7.2","2021-11-29","2021-12-03","png(81)|jpg(3)|gif(1)"
"C:\Users\hyun0\Desktop\AX강사준비\실습\AX수업\경영반_워크북_35차시","41","0.56","2026-05-27","2026-05-27","md(36)|html(2)|css(1)"
"C:\Users\hyun0\Desktop\AX강사준비\실습\AX수업\경영반_강의안_35차시","36","0.32","2026-05-27","2026-05-27","md(36)"
"C:\Users\hyun0\Desktop\AX강사준비\실습\AX수업\마케팅반_강의안_35차시","36","0.33","2026-05-27","2026-05-27","md(36)"
"C:\Users\hyun0\Desktop\AX강사준비\실습\AX수업\마케팅반_워크북_35차시","36","0.25","2026-05-27","2026-05-27","md(36)"
"C:\Users\hyun0\Desktop\AX강사준비\실습\AX수업\마케팅반_워크북_PDF_35차시","35","82.84","2026-05-27","2026-05-27","pdf(35)"
"C:\Users\hyun0\Desktop\AX강사준비\실습\AX수업\경영반_워크북_PDF_35차시","35","82.84","2026-05-27","2026-05-27","pdf(35)"
"C:\Users\hyun0\Documents\카카오톡 받은 파일","25","23.58","2024-10-20","2026-07-10","pdf(20)|zip(4)|html(1)"
"C:\Users\hyun0\Desktop\AX강사준비\실습\AX수업\실습\따라하기","24","0.31","2026-06-05","2026-06-05","md(17)|json(3)|ts(3)"
"C:\Users\hyun0\Desktop\AX강사준비\실습\AX수업\실습\웹툰생성기_V2_보강\public\generated\drafts","22","44.09","2026-06-08","2026-06-08","png(22)"
"C:\Users\hyun0\Documents\WAPL\CSAP인증\NCP","21","4","2022-09-14","2022-11-16","pdf(15)|html(2)|jpg(1)"
"C:\Users\hyun0\Downloads\~BROMIUM","21","0.01","2021-10-07","2024-05-31","pdf(20)|zip(1)"
"C:\Users\hyun0\Documents\WAPL\퇴사\CS업무인계정리\CSAP\NCP","21","4","2022-11-18","2022-11-18","pdf(15)|html(2)|jpg(1)"
"C:\Users\hyun0\Documents\파이선","17","0.85","2021-10-16","2021-10-16","zip(16)|pdf(1)"
"C:\Users\hyun0\Desktop\AX강사준비\실습\AX수업\AX수업_발표","17","34.69","2026-06-08","2026-06-08","png(15)|pdf(2)"
"C:\Users\hyun0\Desktop\AX강사준비\실습\AX수업\AX_강사_육성_표준개요서","17","9.29","2026-06-25","2026-06-25","pdf(17)"
"C:\Users\hyun0\Desktop\AX강사준비\실습\AX수업\실습\웹툰생성기_V2_보강\docs","17","0.03","2026-06-08","2026-06-08","md(17)"
"C:\Users\hyun0\Desktop\AX강사준비\실습\AX수업\실습\웹툰생성기\docs","16","0.04","2026-06-05","2026-06-05","md(16)"
"C:\Users\hyun0\Documents\WAPL\CSAP인증\NCP\~BROMIUM","15","0.01","2022-09-14","2022-11-18","pdf(15)"
"C:\Users\hyun0\Documents\WAPL\2023년_IR","15","143.8","2022-11-15","2022-11-18","pptx(9)|xlsx(6)"
"C:\Users\hyun0\Documents\파이선\chapter05","15","0","2015-11-14","2015-11-15","py(15)"
"C:\Users\hyun0\Documents\김현래\소개자료\SF_work\html","15","0.09","2021-12-02","2021-12-03","html(15)"
"C:\Users\hyun0\Documents\김현래\소개자료\SF_work\resources\js","15","0.53","2022-08-06","2022-08-06","js(15)"
"C:\Users\hyun0\Desktop\AX강사준비\실습\AX수업\데모데이\RAG","14","33.91","2026-07-06","2026-07-07","png(4)|md(3)|pptx(3)"
"C:\Users\hyun0\Documents\WAPL\참고용","14","360.14","2022-07-21","2022-11-16","pptx(8)|hwp(3)|xlsx(2)"
"C:\Users\hyun0\Documents\파이선\chapter16","14","0.01","2016-03-07","2016-03-08","py(14)"
"C:\Users\hyun0\Documents\WAPL\2023년_경영정략보고","14","693.37","2022-10-11","2022-10-15","pptx(11)|pdf(2)|xlsx(1)"
"C:\Users\hyun0\Desktop\AX강사준비\실습\AX수업\실습\AX강의안생성기_수업중\개발및검수","13","0.01","2026-06-11","2026-06-11","md(13)"
"C:\Users\hyun0\Desktop\AX강사준비\실습\AX수업\실습\웹툰생서기_v2\docs","13","0.02","2026-06-05","2026-06-05","md(13)"
"C:\Users\hyun0\Desktop\AX강사준비\실습\AX수업\실습\AX강의안생성기\exports\prj_1781240144578","12","1.34","2026-06-12","2026-06-12","md(8)|pptx(2)|html(1)"
"C:\Users\hyun0\Desktop\AX강사준비\실습\AX수업\실습\웹툰생성기_V2_보강\public\comics","12","17.86","2026-06-08","2026-06-08","png(10)|json(1)|md(1)"
"C:\Users\hyun0\Documents\WAPL\CSAP인증\보안점검업체선정과정관련","12","2.23","2022-04-29","2022-09-05","pdf(7)|zip(3)|docx(1)"
"C:\Users\hyun0\Desktop\강의자료\251217_인천세일고","12","11.67","2025-11-26","2025-12-16","png(5)|hwp(4)|jpg(1)"
"C:\Users\hyun0\Documents\WAPL\서울시교육청","12","68.01","2022-09-22","2022-10-26","hwp(5)|xlsx(3)|pptx(2)"
"C:\Users\hyun0\Desktop\AX강사준비\실습\AX수업\실습\웹툰생서기_v2\public\comics","12","17.86","2026-06-05","2026-06-05","png(10)|json(1)|md(1)"
"C:\Users\hyun0\Documents\WAPL\퇴사\CS업무인계정리\CSAP\보안점검업체선정과정관련","12","2.23","2022-11-18","2022-11-18","pdf(7)|zip(3)|docx(1)"
"C:\Users\hyun0\Documents\WAPL\CSAP인증\신청서(SaaS표준, SaaS간편)","12","1.93","2022-10-05","2022-11-14","docx(4)|hwp(4)|xlsx(2)"
"C:\Users\hyun0\Documents\김현래\소개자료\SF_work\resources\css","11","0.82","2021-11-22","2021-12-02","css(11)"
"C:\Users\hyun0\Desktop\AX강사준비\실습\AX수업\실습\웹툰생성기_V2_보강\lib","11","0.04","2026-06-08","2026-06-08","ts(11)"
"C:\Users\hyun0\Desktop\AX강사준비\실습\AX수업\실습\AX강의안생성기\기획서\AX_Lecture_Studio_V0.1_문서패키지","11","0.08","2026-06-10","2026-06-10","md(11)"
"C:\Users\hyun0\Desktop\AX강사준비\실습\AX수업\실습\긴급2\찬반투표_서비스_개발문서","11","0.07","2026-06-09","2026-06-09","md(11)"
"C:\Users\hyun0\Documents\WAPL\퇴사\CS업무인계정리\한기대\공문","11","2.03","2022-11-18","2022-11-18","pdf(6)|docx(1)|hwp(1)"
"C:\Users\hyun0\Documents\WAPL\주간업무","11","2.1","2022-09-19","2022-11-15","docx(6)|pptx(4)|xlsx(1)"
"C:\Users\hyun0\Documents\WAPL\한기대\공문","11","2.03","2022-10-17","2022-11-09","pdf(6)|docx(1)|hwp(1)"
"C:\Users\hyun0\Documents\WAPL\2023년_경영기획_사업계획","11","5.12","2022-10-18","2022-10-26","xlsx(6)|jpg(4)|pptx(1)"
"C:\Users\hyun0\Documents\알티노\python(AltinoLite)\serial","10","0.16","2025-07-09","2025-07-09","py(10)"
"C:\Users\hyun0\Desktop\ISMS","10","62.5","2024-04-22","2024-07-09","pdf(6)|png(2)|docx(1)"
"C:\Users\hyun0\Desktop\AX강사준비\실습\AX수업\실습\AX강의안생성기_수업중\exports\lecture-project-001","10","0.31","2026-06-11","2026-06-11","md(7)|json(1)|pptx(1)"
"C:\Users\hyun0\Desktop\AX강사준비\실습\AX수업\실습\260629_구글캘린더_할일관리\google-calendar-todo-lab","10","0.09","2026-06-29","2026-06-29","json(6)|ts(2)|html(1)"
"C:\Users\hyun0\Desktop\AX강사준비\실습\AX수업\실습\웹툰생성기_V2_보강","10","0.29","2026-06-08","2026-06-09","ts(4)|json(3)|md(3)"
"C:\Users\hyun0\Desktop\AX강사준비\실습\AX수업\실습\웹툰생서기_v2","10","0.49","2026-06-05","2026-06-08","json(3)|md(3)|ts(3)"
"C:\Users\hyun0\Documents\파이선\chapter10","10","0","2015-11-30","2021-10-16","py(10)"
"C:\Users\hyun0\Documents\WAPL\제품소개","9","765.52","2022-10-18","2022-11-17","pptx(8)|pdf(1)"
"C:\Users\hyun0\Documents\WAPL\비즈메카","9","22.14","2022-07-20","2022-11-18","docx(4)|pptx(4)|xlsx(1)"
"C:\Users\hyun0\Documents\김현래\소개자료\김현래_포트폴리오\images","9","1.56","2024-12-05","2024-12-05","png(8)|jpg(1)"
"C:\Users\hyun0\Documents\WAPL\채용\CS실인력서치\SP팀서칭","9","6.1","2022-11-01","2022-11-02","pdf(9)"
"C:\Users\hyun0\Downloads\eun4ex\eun4ex\dosbox\DOCS\SVN-specific manuals\data\images","9","0.24","2013-01-24","2013-01-24","png(9)"
"C:\Users\hyun0\Documents\보험","9","11.76","2022-09-11","2022-09-11","pdf(9)"
"C:\Users\hyun0\Documents\WAPL\사업현황점검","9","0.24","2022-09-15","2022-10-21","xlsx(9)"
"C:\Users\hyun0\Documents\WAPL\서울시교육청\서울시교육청 협업솔루션 구축사업_220926\4. 고객사 제출자료","9","46.72","2022-09-26","2022-09-26","xlsx(5)|pptx(2)|docx(1)"
"C:\Users\hyun0\Documents\WAPL\정책들","9","4.58","2022-10-18","2022-10-31","docx(7)|xlsx(2)"
"C:\Users\hyun0\Documents\보험\~BROMIUM","9","0.01","2022-09-11","2022-09-11","pdf(9)"
"C:\Users\hyun0\Desktop\ISMS\연관자료","9","51.62","2024-04-25","2024-07-05","pdf(9)"
"C:\Users\hyun0\Downloads\eun4ex\eun4ex\dosbox\DOCS\SVN-specific manuals\data","8","0.23","2013-01-24","2015-01-25","html(8)"
"C:\Users\hyun0\Documents\WAPL\포스코 캔디 유지보수","8","5.59","2022-10-24","2022-11-14","pptx(5)|pdf(2)|xlsx(1)"
"C:\Users\hyun0\Desktop\AX강사준비\실습\AX수업\실습\웹툰생성기_V2_보강\public\generated\published","8","17.9","2026-06-08","2026-06-08","png(8)"
"C:\Users\hyun0\Downloads\eun4ex\eun4ex\dosbox\DOCS","8","0.1","2014-01-25","2015-01-25","txt(8)"
"C:\Users\hyun0\Documents\WAPL\공수기반견적체계","8","0.65","2022-10-13","2022-10-26","xlsx(6)|pdf(1)|png(1)"
"C:\Users\hyun0\Desktop\AX강사준비\실습\AX수업\실습\긴급2\lib","8","0.01","2026-06-09","2026-06-09","ts(8)"
"C:\Users\hyun0\Documents\알티노\알티노 학습","8","110.15","2025-07-18","2025-07-26","py(4)|zip(4)"
"C:\Users\hyun0\Documents\알티노\python(AltinoLite)\serial\tools","8","0.08","2025-07-09","2025-07-09","py(8)"
"C:\Users\hyun0\Documents","7","6.09","2021-10-16","2026-09-03","pdf(5)|jpg(1)|zip(1)"
"C:\Users\hyun0\Desktop\AX강사준비\실습\AX수업\실습\따라하기\src\lib","7","0.02","2026-06-05","2026-06-05","ts(7)"
"C:\Users\hyun0\Documents\WAPL\서울시교육청\서울시교육청 협업솔루션 구축사업_220926\4. 고객사 제출자료\~BROMIUM","7","0.01","2022-09-26","2022-09-26","xlsx(3)|pptx(2)|docx(1)"
"C:\Users\hyun0\Documents\WAPL\정책들\~BROMIUM","7","0.01","2022-10-21","2022-10-31","docx(7)"
"C:\Users\hyun0\Documents\WAPL\조직운영\직무조사","7","0.17","2022-10-07","2022-11-01","xlsx(7)"
"C:\Users\hyun0\Desktop\AX강사준비\실습\AX수업\실습\웹툰생성기","7","0.26","2026-06-05","2026-06-09","json(3)|ts(2)|md(1)"
"C:\Users\hyun0\Documents\알티노\python(AltinoLite)\serial\urlhandler","7","0.05","2025-07-09","2025-07-09","py(7)"
"C:\Users\hyun0\Documents\WAPL\WAPL Talk","7","10.51","2022-10-25","2022-11-17","pptx(6)|xlsx(1)"
"C:\Users\hyun0\Documents\WAPL\Sapify","7","5.36","2022-10-04","2022-10-14","pptx(3)|xlsx(2)|docx(1)"
"C:\Users\hyun0\Documents\WAPL\KG그룹","7","11.83","2022-11-03","2022-11-09","xlsx(4)|pptx(3)"
"C:\Users\hyun0\Documents\WAPL\CSAP인증","7","0.77","2022-08-24","2022-11-14","docx(3)|xlsx(2)|pdf(1)"
"C:\Users\hyun0\Documents\알티노\python(AltinoLite)","7","0.01","2025-07-09","2025-07-26","py(7)"
"C:\Users\hyun0\Desktop\AX강사준비\실습\AX수업\실습\AX강의안생성기_수업중","7","0.22","2026-06-10","2026-06-11","json(4)|md(2)|ts(1)"
"C:\Users\hyun0\Documents\WAPL\한기대\계약서\~BROMIUM","7","0","2022-10-17","2022-11-14","pdf(7)"
"C:\Users\hyun0\Documents\WAPL\한기대\계약서","7","5.34","2022-10-17","2022-11-14","pdf(7)"
"C:\Users\hyun0\Documents\WAPL\채용\CS실인력서치\면접후보","7","4.61","2022-11-14","2022-11-14","pdf(7)"
"C:\Users\hyun0\Documents\WAPL\채용\CS실인력서치\면접후보\~BROMIUM","7","0","2022-11-14","2022-11-14","pdf(7)"
"C:\Users\hyun0\Documents\WAPL\퇴사\CS업무인계정리\한기대\계약서","7","5.34","2022-11-18","2022-11-18","pdf(7)"
"C:\Users\hyun0\Documents\WAPL\충남대\충남대_기술지원이력(2022)\~BROMIUM","7","0","2022-11-03","2022-11-08","pdf(7)"
"C:\Users\hyun0\Documents\WAPL\충남대\충남대_기술지원이력(2022)","7","2.16","2022-11-03","2022-11-08","pdf(7)"
"C:\Users\hyun0\Desktop","7","3.36","2026-06-17","2026-07-15","md(2)|pdf(2)|txt(2)"
"C:\Users\hyun0\Desktop\AX강사준비\실습\AX수업\실습\260630_퍼스털컬러\02_development","7","0.03","2026-06-30","2026-06-30","md(7)"
"C:\Users\hyun0\Desktop\강의자료\251223_송파문현고","7","200.09","2025-11-26","2025-12-21","hwp(3)|jpg(2)|pptx(1)"
"C:\Users\hyun0\Desktop\AX강사준비\실습\AX수업\실습\260630_퍼스털컬러\01_planning","7","0.03","2026-06-30","2026-06-30","md(7)"
"C:\Users\hyun0\Desktop\AX강사준비\실습\AX수업\실습\AX강의안생성기","6","0.1","2026-06-10","2026-06-11","json(3)|ts(2)|md(1)"
"C:\Users\hyun0\Documents\AICE\제출용","6","1.41","2024-11-27","2024-11-27","jpg(3)|hwp(1)|pdf(1)"
"C:\Users\hyun0\Documents\파이선\chapter15","6","0","2016-03-07","2016-03-16","py(6)"
"C:\Users\hyun0\Documents\파이선\chapter14","6","0","2015-12-07","2021-10-28","py(5)|sql(1)"
"C:\Users\hyun0\Documents\WAPL\CSAP인증\시큐어원_보안점검업체","6","1.48","2022-09-05","2022-10-20","pdf(3)|docx(1)|html(1)"
"C:\Users\hyun0\Documents\파이선\chapter11","6","0","2015-11-30","2015-12-02","py(6)"
"C:\Users\hyun0\Desktop\ISMS\연습문제","6","347.02","2024-06-05","2024-06-22","pdf(3)|zip(2)|docx(1)"
"C:\Users\hyun0\Documents\파이선\chapter08","6","0","2015-11-29","2015-11-30","py(6)"
"C:\Users\hyun0\Documents\파이선\chapter04\4-1","6","0","2015-11-10","2015-11-12","py(6)"
"C:\Users\hyun0\Documents\WAPL\채용\CS실인력서치\SP팀장서칭\SP팀장후보3","6","4.33","2022-11-11","2022-11-11","pdf(6)"
"C:\Users\hyun0\Documents\김현래","6","5.24","2022-09-23","2022-10-31","pdf(4)|docx(2)"
"C:\Users\hyun0\Documents\WAPL\퇴사\CS업무인계정리\서울시교육청","6","2.05","2022-11-18","2022-11-18","hwp(3)|pdf(1)|txt(1)"
"C:\Users\hyun0\Desktop\AX강사준비\실습\AX수업\실습\260701_타로카드","6","0.05","2026-07-01","2026-07-01","json(4)|html(1)|ts(1)"
"C:\Users\hyun0\Downloads\[PC98] L'Empereur (1990)","6","0.32","2011-12-01","2015-11-19","png(4)|hwp(1)|txt(1)"
"C:\Users\hyun0\Documents\WAPL\채용\CS실인력서치\SP팀장서칭\SP팀장후보1","6","5.51","2022-10-30","2022-10-30","pdf(6)"
"C:\Users\hyun0\Documents\AICE\AICE_Future_1급_교재_모의평가\AICE_Future_1급_교재_모의평가\1회\활용데이터\7번 이미지\가위","6","0.42","2024-11-15","2024-11-15","png(6)"
"C:\Users\hyun0\Documents\AICE\AICE_Future_1급_교재_모의평가\AICE_Future_1급_교재_모의평가\1회\활용데이터\7번 이미지\바위","6","0.44","2024-11-15","2024-11-15","png(6)"
"C:\Users\hyun0\Documents\WAPL\서울시교육청\진행중","6","2.3","2022-10-03","2022-11-15","hwp(3)|pdf(1)|pptx(1)"
"C:\Users\hyun0\Documents\WAPL\서울시교육청\서울시교육청 협업솔루션 구축사업_220926\1. 회의록\~BROMIUM","6","0","2022-09-26","2022-09-26","docx(6)"
"C:\Users\hyun0\Documents\WAPL\서울시교육청\서울시교육청 협업솔루션 구축사업_220926\1. 회의록","6","0.09","2022-09-26","2022-09-26","docx(6)"
"C:\Users\hyun0\Desktop\AX강사준비\실습\AX수업\[AX워크클리닉]\ax-work-clinic-concept-mockup-docs\ax-work-clinic-concept-mockup-docs","6","0.06","2026-06-17","2026-06-17","json(3)|ts(2)|md(1)"
"C:\Users\hyun0\Documents\WAPL\사업&DoTo","6","0.21","2022-11-09","2022-11-11","xlsx(6)"
"C:\Users\hyun0\Documents\WAPL\퇴사\CS업무인계정리\한기대","6","0.24","2022-11-18","2022-11-18","docx(4)|txt(1)|xlsx(1)"
"C:\Users\hyun0\Desktop\AX강사준비\실습\AX수업\실습\260630_퍼스털컬러\lib\ai","6","0.01","2026-06-30","2026-06-30","js(6)"
"C:\Users\hyun0\Desktop\AX강사준비\실습\AX수업","6","79.89","2026-05-29","2026-07-10","html(2)|pdf(2)|zip(2)"
"C:\Users\hyun0\Documents\AICE\AICE_Future_1급_학습자료\AICE_Future_1급_학습자료\2장\1. 함수\프로젝트\노인","6","0.14","2024-11-15","2024-11-15","jpg(5)|png(1)"
"C:\Users\hyun0\Documents\AICE\AICE_Future_1급_교재_모의평가\AICE_Future_1급_교재_모의평가\3회\활용데이터\7번 이미지\하이에나","6","0.51","2024-11-15","2024-11-15","jpg(6)"
"C:\Users\hyun0\Documents\AICE\AICE_Future_1급_교재_모의평가\AICE_Future_1급_교재_모의평가\3회\활용데이터\7번 이미지\치타","6","0.41","2024-11-15","2024-11-15","jpg(6)"
"C:\Users\hyun0\Documents\AICE\AICE_Future_1급_교재_모의평가\AICE_Future_1급_교재_모의평가\1회\활용데이터\7번 이미지\보","6","0.46","2024-11-15","2024-11-15","png(6)"
"C:\Users\hyun0\Documents\WAPL\퇴사\CS업무인계정리\CSAP\시큐어원_보안점검업체","6","1.48","2022-11-18","2022-11-18","pdf(3)|docx(1)|html(1)"
"C:\Users\hyun0\Desktop\AX강사준비\실습\AX수업\AI_용어집","5","2.02","2026-06-23","2026-06-25","pdf(5)"
"C:\Users\hyun0\Documents\WAPL\한기대","5","0.24","2022-09-05","2022-11-09","docx(4)|xlsx(1)"
"C:\Users\hyun0\Desktop\AX강사준비\실습\AX수업\실습\260630_퍼스털컬러","5","0.07","2026-06-30","2026-06-30","md(3)|js(1)|json(1)"
"C:\Users\hyun0\Desktop\AX강사준비\실습\AX수업\실습\260630_퍼스털컬러\03_validation","5","0.02","2026-06-30","2026-06-30","md(5)"
"C:\Users\hyun0\Documents\김현래\소개자료","5","34.85","2021-11-09","2022-08-07","zip(3)|pdf(2)"
"C:\Users\hyun0\Documents\파이선\chapter12","5","0","2015-12-06","2016-03-13","py(5)"
"C:\Users\hyun0\Documents\WAPL\수퍼앱소개용","5","23.37","2022-10-18","2022-10-19","pptx(3)|pdf(2)"
"C:\Users\hyun0\Documents\WAPL\퇴사","5","19.62","2022-11-18","2022-11-21","png(2)|pdf(1)|xlsx(1)"
"C:\Users\hyun0\Desktop\AX강사준비\실습\AX수업\데모데이\AX커리큘럼","5","1.4","2026-07-06","2026-07-06","md(3)|pdf(2)"
"C:\Users\hyun0\Documents\파이선\chapter09","5","0","2015-11-30","2015-11-30","py(5)"
"C:\Users\hyun0\Desktop\AX강사준비\실습\AX수업\[AX워크클리닉]\ax-work-clinic-concept-mockup-docs-v2-dark-focus\docs\05_development","5","0.04","2026-06-17","2026-06-17","md(5)"
"C:\Users\hyun0\Documents\AICE\AICE_Future_1급_교재_모의평가\AICE_Future_1급_교재_모의평가\2회\활용데이터\7번 이미지\토마토","5","0.69","2024-11-15","2024-11-15","jpg(5)"
"C:\Users\hyun0\Documents\AICE\AICE_Future_1급_학습자료\AICE_Future_1급_학습자료\2장\1. 함수\프로젝트\성인","5","0.08","2024-11-15","2024-11-15","jpg(5)"
"C:\Users\hyun0\Documents\AICE\AICE_Future_1급_학습자료\AICE_Future_1급_학습자료\2장\1. 함수\프로젝트\어린이","5","0.07","2024-11-15","2024-11-15","jpg(4)|png(1)"
"C:\Users\hyun0\Documents\AICE\AICE_Future_1급_학습자료\AICE_Future_1급_학습자료\4장\3. 티처블 머신\실전문제_문제\이미지\귤","5","0.63","2024-11-15","2024-11-15","png(5)"
"C:\Users\hyun0\Documents\AICE\AICE_Future_1급_학습자료\AICE_Future_1급_학습자료\4장\3. 티처블 머신\실전문제_문제\이미지\사과","5","0.89","2024-11-15","2024-11-15","png(5)"
"C:\Users\hyun0\Documents\WAPL\다이어리","5","8.72","2022-11-03","2022-11-04","xlsx(4)|pdf(1)"
"C:\Users\hyun0\Documents\김현래\소개자료\김현래_포트폴리오\impress.js-master\impress.js-master","5","0.04","2024-12-05","2024-12-05","png(2)|html(1)|json(1)"
"C:\Users\hyun0\Desktop\AX강사준비\실습\AX수업\실습\260629_구글캘린더_할일관리\google-calendar-todo-lab\src\analyzer","5","0.02","2026-06-29","2026-06-29","ts(5)"
"C:\Users\hyun0\Documents\WAPL\서울시교육청\최종정리본","5","7.92","2022-10-27","2022-11-09","xlsx(2)|hwp(1)|pptx(1)"
"C:\Users\hyun0\Desktop\강의자료\251230_남양주진건고","5","0.45","2025-11-28","2025-12-28","hwp(2)|jpg(2)|pdf(1)"
"C:\Users\hyun0\Documents\WAPL\SaaS 현황 점검\계약서","5","18.26","2022-10-24","2022-10-26","pdf(4)|zip(1)"
"C:\Users\hyun0\Desktop\강의자료\251229_고양덕이고","5","56.59","2025-12-18","2025-12-28","jpg(2)|png(2)|pptx(1)"
"C:\Users\hyun0\Desktop\AX강사준비\실습\AX수업\실습\따라하기\src\lib\agents","5","0","2026-06-05","2026-06-05","ts(5)"
"C:\Users\hyun0\Documents\파이선\chapter06\ch06","4","0","2016-01-24","2016-03-15","py(4)"
"C:\Users\hyun0\Desktop\AX강사준비\실습\AX수업\실습\AX강의안생성기\src\lib\slides","4","0.03","2026-06-11","2026-06-11","ts(4)"
"C:\Users\hyun0\Documents\WAPL\충남대","4","5.54","2022-11-03","2022-11-14","pdf(1)|pptx(1)|xlsx(1)"
"C:\Users\hyun0\Desktop\AX강사준비\실습\AX수업\실습\260630_퍼스털컬러\docs\implementation_reports","4","0.01","2026-06-30","2026-06-30","md(4)"
"C:\Users\hyun0\Desktop\AX강사준비\실습\AX수업\실습\260630_퍼스털컬러\04_change_management","4","0.01","2026-06-30","2026-06-30","md(4)"
"C:\Users\hyun0\Desktop\AX강사준비\실습\AX수업\실습\260630_퍼스털컬러\mockup","4","0.04","2026-06-30","2026-06-30","css(1)|html(1)|js(1)"
"C:\Users\hyun0\Desktop\ISMS\강사추천자료","4","23.06","2024-04-24","2024-06-28","pdf(3)|hwp(1)"
"C:\Users\hyun0\Desktop\강의자료\260515_용현중","4","72.93","2025-11-15","2026-05-14","pptx(3)|png(1)"
"C:\Users\hyun0\Documents\파이선\chapter13","4","0","2015-12-07","2016-03-16","py(4)"
"C:\Users\hyun0\Documents\WAPL\SaaS 현황 점검","4","2.12","2022-10-26","2022-11-10","xlsx(4)"
"C:\Users\hyun0\Documents\AICE\AICE_Future_1급_교재_모의평가\AICE_Future_1급_교재_모의평가\2회\활용데이터\7번 이미지\양파","4","0.7","2024-11-15","2024-11-15","jpg(4)"
"C:\Users\hyun0\Documents\김현래\~BROMIUM","4","0.02","2022-09-23","2023-09-22","pdf(4)"
"C:\Users\hyun0\Documents\파이선\chapter11\ch11","4","0","2016-03-12","2017-04-17","py(4)"
"C:\Users\hyun0\Desktop\AX강사준비\실습\AX수업\데모데이\AI에이전트","4","6.42","2026-07-07","2026-07-07","png(2)|pdf(1)|pptx(1)"
"C:\Users\hyun0\Documents\WAPL\SaaS 현황 점검\계약서\~BROMIUM","4","0","2022-10-26","2022-10-26","pdf(4)"
"C:\Users\hyun0\Documents\파이선\chapter07","4","0","2015-11-26","2015-11-29","py(4)"
"C:\Users\hyun0\Documents\파이선\chapter05\ch05","4","0","2016-01-24","2016-01-24","py(4)"
"C:\Users\hyun0\Documents\파이선\과제","4","0","2021-10-27","2025-07-09","py(4)"
"C:\Users\hyun0\Documents\파이선\chapter12\ch12","4","0","2016-03-13","2016-03-13","py(3)|json(1)"
"C:\Users\hyun0\Desktop\강의자료\251215_삼척삼일고","4","16.86","2025-11-27","2025-12-14","png(2)|pdf(1)|zip(1)"
"C:\Users\hyun0\Documents\파이선\chapter15\ch15","4","0.01","2016-03-11","2016-03-17","py(4)"
"C:\Users\hyun0\Desktop\강의자료\251209_신철원중","4","197.77","2025-12-05","2025-12-08","pptx(4)"
"C:\Users\hyun0\Documents\WAPL\서울시교육청\~BROMIUM","4","0","2022-09-26","2022-10-26","xlsx(2)|pdf(1)|zip(1)"
"C:\Users\hyun0\Documents\WAPL\제품가격정책","4","0.4","2022-11-07","2022-11-08","pptx(2)|png(1)|xlsx(1)"
"C:\Users\hyun0\Desktop\AX강사준비\실습\AX수업\실습\260701_타로카드\src\lib\tarot","4","0.01","2026-07-01","2026-07-01","ts(4)"
"C:\Users\hyun0\Downloads\eun4ex\eun4ex\dosbox\DOCS\Official manuals","4","0.13","2014-01-25","2014-01-25","txt(4)"
"C:\Users\hyun0\Downloads\eun4ex\eun4ex\game","4","0.02","1996-01-01","1996-01-01","c(4)"
"C:\Users\hyun0\Desktop\AX강사준비\실습\AX수업\실습\260630_퍼스털컬러\lib\analysis","4","0.01","2026-06-30","2026-06-30","js(4)"
"C:\Users\hyun0\Desktop\강의자료\인천작전고\수업량유연화 글꼴(공통)-20241112","4","16.72","2025-07-11","2025-07-11","zip(4)"
"C:\Users\hyun0\Desktop\AX강사준비\실습\AX수업\실습\AX강의안생성기_수업중\개발및검수\orchestration","4","0","2026-06-11","2026-06-11","md(4)"
"C:\Users\hyun0\Desktop\강의자료\호평중","4","201.23","2025-09-09","2025-09-25","pdf(2)|hwp(1)|pptx(1)"
"C:\Users\hyun0\Documents\WAPL\2023년_경영정략보고\참고자료","4","250.81","2022-10-11","2022-10-12","pptx(4)"
"C:\Users\hyun0\Desktop\AX강사준비\실습\AX수업\실습\긴급2","4","0","2026-06-09","2026-06-09","json(2)|ts(2)"
"C:\Users\hyun0\Desktop\AX강사준비\실습\AX수업\실습\260630_퍼스털컬러\lib\recommendations","4","0.01","2026-06-30","2026-06-30","js(4)"
"C:\Users\hyun0\Documents\AICE\AICE_Future_1급_학습자료\AICE_Future_1급_학습자료\3장\1. 엑셀 데이터 활용하기\문제\엑셀 데이터","4","0.04","2024-11-15","2024-11-15","xlsx(4)"
"C:\Users\hyun0\Desktop\AX강사준비\실습\AX수업\실습\긴급","4","0.06","2026-06-09","2026-06-09","css(1)|html(1)|js(1)"
"C:\Users\hyun0\Documents\WAPL\2023년_경영기획_사업계획\보고용","4","1.39","2022-10-26","2022-10-26","xlsx(3)|pptx(1)"
"C:\Users\hyun0\Desktop\강의자료\예송중","4","230.72","2025-07-21","2025-07-22","pdf(2)|pptx(2)"
"C:\Users\hyun0\Documents\파이선\chapter09\ch09","3","0","2016-03-12","2016-03-12","py(3)"
"C:\Users\hyun0\Desktop\AX강사준비\실습\AX수업\실습\웹툰생성기\lib\ai","3","0","2026-06-09","2026-06-09","ts(3)"
"C:\Users\hyun0\Documents\파이선\chapter07\ch07","3","0","2015-11-29","2016-01-24","py(3)"
"C:\Users\hyun0\Documents\파이선\chapter08\ch08","3","0","2015-11-30","2016-01-24","py(3)"
"C:\Users\hyun0\Documents\파이선\chapter04\4-2","3","0","2016-03-16","2016-03-16","py(3)"
"C:\Users\hyun0\Documents\파이선\chapter03\ch03","3","0","2016-01-23","2016-03-15","py(3)"
"C:\Users\hyun0\Documents\WAPL\채용\SP팀JD","3","0.11","2022-10-27","2022-11-14","docx(2)|pdf(1)"
"C:\Users\hyun0\Desktop\AX강사준비\실습\AX수업\[AX워크클리닉]\ax-work-clinic-concept-mockup-docs\ax-work-clinic-concept-mockup-docs\docs\05_development","3","0.01","2026-06-17","2026-06-17","md(3)"
"C:\Users\hyun0\Documents\WAPL\사간정산","3","0.47","2022-09-20","2022-09-22","xlsx(3)"
"C:\Users\hyun0\Documents\WAPL\조직운영\CS팀운영","3","0.08","2022-11-01","2022-11-09","xlsx(3)"
"C:\Users\hyun0\Documents\파이선\chapter13\ch13","3","0","2016-03-13","2016-03-13","py(3)"
"C:\Users\hyun0\Documents\파이선\chapter14\ch14","3","0","2016-03-13","2016-03-13","py(3)"
"C:\Users\hyun0\Documents\AICE\AICE_Future_1급_학습자료\AICE_Future_1급_학습자료\4장\2. 안면 인식 기술과 감정 분석\교재활용_이미지","3","0.43","2024-11-15","2024-11-15","jpg(3)"
"C:\Users\hyun0\Documents\AICE\AICE_Future_1급_학습자료\AICE_Future_1급_학습자료\4장\1. 광학 문자인식(OCR)\실전문제_문제\이미지","3","0.11","2024-11-15","2024-11-15","png(2)|jpg(1)"
"C:\Users\hyun0\Documents\AICE\AICE_Future_1급_학습자료\AICE_Future_1급_학습자료\3장\1. 엑셀 데이터 활용하기\프로젝트","3","0.03","2024-11-15","2024-11-15","xlsx(3)"
"C:\Users\hyun0\Documents\WAPL\채용\CS실인력서치\SP팀장서칭\SP팀장후보2","3","3.16","2022-11-01","2022-11-01","pdf(3)"
"C:\Users\hyun0\Documents\파이선\chapter16\ch16","3","0","2016-03-13","2016-03-13","py(3)"
"C:\Users\hyun0\Documents\AICE","3","9.87","2024-11-15","2025-08-29","zip(2)|pdf(1)"
"C:\Users\hyun0\Documents\AICE\교사신청","3","0.47","2025-02-20","2025-02-20","pdf(1)|png(1)|xlsx(1)"
"C:\Users\hyun0\Documents\파이선\chapter10\ch10","3","0","2016-03-12","2016-03-12","py(3)"
"C:\Users\hyun0\Documents\카카오톡 받은 파일\SQL과제","3","0.03","2024-06-27","2024-11-01","hwp(2)|docx(1)"
"C:\Users\hyun0\Documents\WAPL\CSAP인증\시큐어원_보안점검업체\~BROMIUM","3","0","2022-10-18","2022-10-18","pdf(3)"
"C:\Users\hyun0\Desktop\AX강사준비\실습\AX수업\실습\260701_타로카드\tests\tarot","3","0.01","2026-07-01","2026-07-01","ts(3)"
"C:\Users\hyun0\Documents\WAPL\GS인증","3","3.51","2022-09-13","2022-09-14","docx(1)|pptx(1)|xlsx(1)"
"C:\Users\hyun0\Desktop\AX강사준비\실습\AX수업\실습\AX강의안생성기\src\lib\ai","3","0.03","2026-06-10","2026-06-12","ts(3)"
"C:\Users\hyun0\Desktop\AX강사준비\실습\AX수업\실습\AX강의안생성기\src\domain","3","0.03","2026-06-10","2026-06-11","ts(3)"
"C:\Users\hyun0\Documents\WAPL\CSAP인증\인증진행_재검토","3","0.04","2022-11-01","2022-11-15","xlsx(3)"
"C:\Users\hyun0\Documents\WAPL\CSAP인증\인증진행","3","1.4","2022-10-20","2022-10-24","xlsx(2)|hwp(1)"
"C:\Users\hyun0\Documents\WAPL\퇴사\CS업무인계정리\SVC","3","0.09","2022-11-18","2022-11-18","xlsx(2)|txt(1)"
"C:\Users\hyun0\Documents\WAPL\포스코 캔디 유지보수\~BROMIUM","3","0","2022-10-24","2022-11-14","pdf(2)|xlsx(1)"
"C:\Users\hyun0\Documents\WAPL\한기대\공문\재정리","3","0.07","2022-11-22","2022-11-22","pdf(2)|docx(1)"
"C:\Users\hyun0\Documents\WAPL\한기대\공문\재정리\~BROMIUM","3","0","2022-11-22","2022-11-22","pdf(2)|docx(1)"
"C:\Users\hyun0\Desktop\AX강사준비\실습\AX수업\실습\260629_구글캘린더_할일관리\google-calendar-todo-lab\src\assets","3","0.02","2026-06-29","2026-06-29","svg(2)|png(1)"
"C:\Users\hyun0\Desktop\AX강사준비\실습\AX수업\실습\AX강의안생성기\src\lib\storage","3","0.01","2026-06-10","2026-06-12","ts(3)"
"C:\Users\hyun0\Desktop\강의자료\양정여고","3","28.33","2025-08-25","2025-08-25","hwp(1)|jpeg(1)|pptx(1)"
"C:\Users\hyun0\Documents\WAPL\CSAP인증\사전컨설팅","3","0.4","2022-11-14","2022-11-14","hwp(2)|zip(1)"
"C:\Users\hyun0\Desktop\강의자료\인천작전고","3","17.49","2025-07-09","2025-07-11","pdf(2)|zip(1)"
"C:\Users\hyun0\Downloads\SAM2","2","3.91","2022-03-28","2022-03-28","zip(2)"
"C:\Users\hyun0\Documents\WAPL\CSAP인증\인증진행\현행화","2","0.93","2022-10-26","2022-10-26","hwp(2)"
"C:\Users\hyun0\Documents\WAPL\서울시교육청\진행중\모바일보안성","2","3.27","2022-11-18","2022-11-18","hwp(1)|pdf(1)"
"C:\Users\hyun0\Documents\AICE\AICE_Future_1급_교재_모의평가\AICE_Future_1급_교재_모의평가\1회\활용데이터\4번 이미지","2","0.02","2024-11-15","2024-11-15","png(2)"
"C:\Users\hyun0\Desktop\강의자료\251219_남양주화광중","2","0.17","2025-12-07","2025-12-07","hwp(1)|pdf(1)"
"C:\Users\hyun0\Desktop\AX강사준비\실습\AX수업\실습\260629_구글캘린더_할일관리\google-calendar-todo-lab\public","2","0.01","2026-06-29","2026-06-29","svg(2)"
"C:\Users\hyun0\Documents\WAPL\수퍼앱소개용\~BROMIUM","2","0","2022-10-18","2022-10-19","pdf(2)"
"C:\Users\hyun0\Documents\AICE\AICE_Future_1급_교재_모의평가\AICE_Future_1급_교재_모의평가\3회\활용데이터\4번 이미지","2","2.08","2024-11-15","2024-11-15","png(2)"
"C:\Users\hyun0\Desktop\AX강사준비\실습\AX수업\실습\260701_타로카드\src\data\tarot","2","0.01","2026-07-01","2026-07-01","ts(2)"
"C:\Users\hyun0\Documents\WAPL\수퍼앱정책","2","0.12","2022-10-18","2022-10-19","pptx(2)"
"C:\Users\hyun0\Desktop\AX강사준비\실습\AX수업\[AX워크클리닉]\ax-work-clinic-concept-mockup-docs\ax-work-clinic-concept-mockup-docs\docs\02_product_planning","2","0","2026-06-17","2026-06-17","md(2)"
"C:\Users\hyun0\Desktop\강의자료","2","4.42","2025-07-08","2025-09-01","hwp(2)"
"C:\Users\hyun0\Desktop\AX강사준비\실습\AX수업\[AX워크클리닉]\ax-work-clinic-concept-mockup-docs\ax-work-clinic-concept-mockup-docs\docs\00_governance_pm","2","0","2026-06-17","2026-06-17","md(2)"
"C:\Users\hyun0\Documents\WAPL\채용","2","15.12","2022-10-26","2022-11-03","xlsx(1)|zip(1)"
"C:\Users\hyun0\Documents\AICE\AICE_Future_1급_학습자료\AICE_Future_1급_학습자료\4장\2. 안면 인식 기술과 감정 분석\실전문제_문제\이미지","2","0.24","2024-11-15","2024-11-15","jpg(2)"
"C:\Users\hyun0\Documents\WAPL\2023년_경영기획_사업계획\수정값","2","0.76","2022-10-26","2022-10-26","pptx(1)|xlsx(1)"
"C:\Users\hyun0\Documents\WAPL\주간업무\~BROMIUM","2","0","2022-10-06","2022-10-18","docx(2)"
"C:\Users\hyun0\Desktop\AX강사준비\실습\AX수업\실습\AX강의안생성기\src\lib\sources","2","0.01","2026-06-11","2026-06-12","ts(2)"
"C:\Users\hyun0\Desktop\강의자료\주안초","2","295.08","2025-10-19","2025-10-27","pdf(1)|pptx(1)"
"C:\Users\hyun0\Desktop\AX강사준비\실습\AX수업\실습\260630_퍼스털컬러\lib\applied-preview","2","0","2026-06-30","2026-06-30","js(2)"
"C:\Users\hyun0\Documents\WAPL\다이어리\~BROMIUM","2","0","2022-11-03","2022-11-04","pdf(1)|xlsx(1)"
"C:\Users\hyun0\Documents\WAPL\레가시","2","118.01","2022-06-26","2022-06-26","pptx(2)"
"C:\Users\hyun0\Desktop\AX강사준비\실습\AX수업\[AX워크클리닉]\ax-work-clinic-concept-mockup-docs\ax-work-clinic-concept-mockup-docs\docs\03_ux_ui_design","2","0","2026-06-17","2026-06-17","md(2)"
"C:\Users\hyun0\Desktop\AX강사준비\실습\AX수업\실습\AX강의안생성기_수업중\src\lib","2","0.03","2026-06-11","2026-06-11","ts(2)"
"C:\Users\hyun0\Documents\WAPL\사간정산\SVC","2","0.09","2022-10-06","2022-11-10","xlsx(2)"
"C:\Users\hyun0\Documents\WAPL\퇴사\CS업무인계정리\KT SaaS","2","0.04","2022-11-18","2022-11-18","txt(1)|xlsx(1)"
"C:\Users\hyun0\Documents\WAPL\2023년_경영정략보고\~BROMIUM","2","0","2022-10-13","2022-10-15","pdf(2)"
"C:\Users\hyun0\Documents\AICE\AICE_Future_1급_교재_모의평가\AICE_Future_1급_교재_모의평가\2회\활용데이터\5번 엑셀 데이터","2","0.02","2024-11-15","2024-11-15","xlsx(2)"
"C:\Users\hyun0\Desktop\강의자료\알티노교안","2","97.11","2025-12-08","2025-12-08","pptx(2)"
"C:\Users\hyun0\Desktop\AX강사준비\실습\AX수업\실습\웹툰생성기_V2_보강\app","2","0","2026-06-08","2026-06-08","css(1)|svg(1)"
"C:\Users\hyun0\Desktop\AX강사준비\실습\AX수업\[AX워크클리닉]\ax-work-clinic-concept-mockup-docs-v2-dark-focus","2","0.04","2026-06-17","2026-06-17","md(1)|zip(1)"
"C:\Users\hyun0\Documents\파이선\chapter06","2","0","2016-01-14","2016-01-24","py(2)"
"C:\Users\hyun0\Documents\WAPL\퇴사\CS업무인계정리\서울시교육청\모바일보안성","2","3.27","2022-11-18","2022-11-18","hwp(1)|pdf(1)"
"C:\Users\hyun0\Desktop\AX강사준비\실습\AX수업\실습\웹툰생서기_v2\app\lib","2","0","2026-06-05","2026-06-05","ts(2)"
"C:\Users\hyun0\Documents\파이선\chapter04\ch04\4-1avi","2","0","2015-11-11","2015-11-12","py(2)"
"C:\Users\hyun0\Documents\파이선\chapter04\ch04","2","0","2016-01-23","2016-01-23","py(2)"
"C:\Users\hyun0\Desktop\AX강사준비\실습\AX수업\실습\260701_타로카드\docs\01_game_design","2","0.01","2026-07-01","2026-07-01","md(2)"
"C:\Users\hyun0\Desktop\AX강사준비\실습\AX수업\실습\웹툰생서기_v2\data","2","0.06","2026-06-05","2026-06-05","json(2)"
"C:\Users\hyun0\Desktop\AX강사준비\실습\AX수업\실습\260629_구글캘린더_할일관리\google-calendar-todo-lab\src\calendar","2","0","2026-06-29","2026-06-29","ts(2)"
"C:\Users\hyun0\Documents\파이선\ch02","2","0","2016-01-21","2016-03-17","py(2)"
"C:\Users\hyun0\Desktop\AX강사준비\실습\AX수업\실습\260629_구글캘린더_할일관리\google-calendar-todo-lab\src","2","0.01","2026-06-29","2026-06-29","css(2)"
"C:\Users\hyun0\Documents\WAPL\Sapify\~BROMIUM","2","0","2022-10-05","2022-10-17","docx(1)|pdf(1)"
"C:\Users\hyun0\Documents\카카오톡 받은 파일\파이썬전문가과정_코드작성실습과제","2","0.02","2024-06-11","2024-06-11","hwp(2)"
"C:\Users\hyun0\Documents\카카오톡 받은 파일\유비온-RC카\유비온-RC카","2","0.57","2024-06-11","2024-11-21","docx(1)|png(1)"
"C:\Users\hyun0\Documents\WAPL\충남대\~BROMIUM","2","0","2022-11-03","2022-11-07","pdf(1)|zip(1)"
"C:\Users\hyun0\Documents\WAPL\충남대\고객방문","2","0.11","2022-11-16","2022-11-16","pptx(1)|xlsx(1)"
"C:\Users\hyun0\Desktop\AX강사준비\실습\AX수업\[AX워크클리닉]\ax-work-clinic-concept-mockup-docs-v2-dark-focus\docs\03_ux_ui_design","2","0.01","2026-06-17","2026-06-17","md(2)"
"C:\Users\hyun0\Desktop\AX강사준비\실습\AX수업\[AX워크클리닉]\ax-work-clinic-concept-mockup-docs-v2-dark-focus\docs\02_product_planning","2","0","2026-06-17","2026-06-17","md(2)"
"C:\Users\hyun0\Desktop\AX강사준비\실습\AX수업\실습\260701_타로카드\docs\04_quality","2","0","2026-07-01","2026-07-01","md(2)"
"C:\Users\hyun0\Desktop\AX강사준비\실습\AX수업\실습\260629_구글캘린더_할일관리\google-calendar-todo-lab\src\types","2","0","2026-06-29","2026-06-29","ts(2)"
"C:\Users\hyun0\Downloads\SAM3","2","4.06","2022-03-29","2022-03-29","zip(2)"
"C:\Users\hyun0\Desktop\AX강사준비\실습\AX수업\실습\260629_구글캘린더_할일관리\google-calendar-todo-lab\tests","2","0.01","2026-06-29","2026-06-29","ts(2)"
"C:\Users\hyun0\Documents\강의","2","48.78","2025-07-09","2025-07-09","pdf(1)|pptx(1)"
"C:\Users\hyun0\Documents\김현래\가계부","2","0.59","2026-07-01","2026-07-01","xlsx(2)"
"C:\Users\hyun0\Documents\WAPL\KB금융그룹","2","1.79","2022-11-04","2022-11-09","pptx(1)|xlsx(1)"
"C:\Users\hyun0\Desktop\강의자료\260514_고양화정고","2","145.2","2026-05-13","2026-05-13","jpg(1)|pptx(1)"
"C:\Users\hyun0\Documents\김현래\소개자료\~BROMIUM","2","0.01","2022-07-17","2023-10-13","pdf(2)"
"C:\Users\hyun0\Desktop\AX강사준비\실습\AX수업\[AX워크클리닉]\ax-work-clinic-concept-mockup-docs-v2-dark-focus\docs\00_governance_pm","2","0","2026-06-17","2026-06-17","md(2)"
"C:\Users\hyun0\Documents\WAPL\채용\CS실인력서치\양진우","1","0.82","2022-11-08","2022-11-08","zip(1)"
"C:\Users\hyun0\Documents\WAPL\SSL_Web도메인","1","0.25","2022-10-26","2022-10-26","pdf(1)"
"C:\Users\hyun0\Documents\WAPL\채용\CS실인력서치\CS팀서칭","1","0.47","2022-11-02","2022-11-02","pdf(1)"
"C:\Users\hyun0\Downloads\SAM2\~BROMIUM","1","0","2022-03-28","2022-03-28","zip(1)"
"C:\Users\hyun0\Documents\WAPL\채용\SP팀JD\~BROMIUM","1","0","2022-11-02","2022-11-02","pdf(1)"
"C:\Users\hyun0\Downloads\eun4ex\eun4ex","1","0","2019-09-03","2019-09-03","txt(1)"
"C:\Users\hyun0\Documents\WAPL\CSAP인증\~BROMIUM","1","0","2022-11-18","2022-11-18","pdf(1)"
"C:\Users\hyun0\Documents\WAPL\퇴사\~BROMIUM","1","0","2022-11-21","2022-11-21","pdf(1)"
"C:\Users\hyun0\Downloads\징기스칸2","1","0.16","2022-03-28","2022-03-28","zip(1)"
"C:\Users\hyun0\Downloads\소상공인시장진흥공단_상가(상권)정보_20260331","1","0","2026-06-26","2026-06-26","txt(1)"
"C:\Users\hyun0\Documents\WAPL\장애대응","1","0.07","2022-11-08","2022-11-08","pptx(1)"
"C:\Users\hyun0\Desktop\AX강사준비\실습\AX수업\[AX워크클리닉]\ax-work-clinic-concept-mockup-docs-v2-dark-focus\docs\04_requirements","1","0","2026-06-17","2026-06-17","md(1)"
"C:\Users\hyun0\Documents\WAPL\WAPL Talk\인증준비","1","0.01","2022-11-03","2022-11-03","xlsx(1)"
"C:\Users\hyun0\Documents\WAPL\WAPL Talk\~BROMIUM","1","0","2022-10-25","2022-10-25","xlsx(1)"
"C:\Users\hyun0\Desktop\AX강사준비\실습\AX수업\[AX워크클리닉]\ax-work-clinic-concept-mockup-docs\ax-work-clinic-concept-mockup-docs\app","1","0","2026-06-17","2026-06-17","css(1)"
"C:\Users\hyun0\Downloads\eun4ex\eun4ex\dosbox\DOCS\SVN-specific manuals","1","0","2013-01-24","2013-01-24","html(1)"
"C:\Users\hyun0\Downloads\eun4ex\eun4ex\dosbox","1","0.01","2022-11-26","2022-11-26","txt(1)"
"C:\Users\hyun0\Documents\WAPL\조직운영","1","0.01","2022-10-14","2022-10-14","docx(1)"
"C:\Users\hyun0\Desktop\AX강사준비\실습\AX수업\[AX워크클리닉]\ax-work-clinic-concept-mockup-docs-v2-dark-focus\docs\01_business_strategy","1","0","2026-06-17","2026-06-17","md(1)"
"C:\Users\hyun0\Documents\WAPL\SSL_Web도메인\~BROMIUM","1","0","2022-10-26","2022-10-26","pdf(1)"
"C:\Users\hyun0\Desktop\AX강사준비\실습\웹툰생성기","1","0","2026-06-09","2026-06-09","json(1)"
"C:\Users\hyun0\Documents\WAPL\채용\CS실인력서치","1","0.02","2022-11-11","2022-11-11","xlsx(1)"
"C:\Users\hyun0\Documents\WAPL\퇴사\CS업무인계정리\아웃백","1","0","2022-11-18","2022-11-18","txt(1)"
"C:\Users\hyun0\Downloads\eun4ex\eun4ex\dosbox\FONTS","1","0","2014-01-25","2014-01-25","txt(1)"
"C:\Users\hyun0\Downloads\eun4ex\eun4ex\dosbox\SHADERS","1","0.02","2013-01-24","2013-01-24","txt(1)"
"C:\Users\hyun0\Documents\WAPL\제품소개\~BROMIUM","1","0","2022-11-17","2022-11-17","pdf(1)"
"C:\Users\hyun0\Documents\WAPL\참고용\~BROMIUM","1","0","2022-11-21","2022-11-21","pdf(1)"
"C:\Users\hyun0\Documents\WAPL\CSAP인증\신청서(SaaS표준, SaaS간편)\~BROMIUM","1","0","2022-11-14","2022-11-14","pdf(1)"
"C:\Users\hyun0\Documents\WAPL\퇴사\CS업무인계정리\서울시교육청\연구본부확인사항들","1","0.09","2022-11-18","2022-11-18","pptx(1)"
"C:\Users\hyun0\Documents\WAPL\WAPL 홈","1","2.38","2022-10-31","2022-10-31","pptx(1)"
"C:\Users\hyun0\Desktop\AX강사준비\실습\AX수업\[AX워크클리닉]\ax-work-clinic-concept-mockup-docs-v2-dark-focus\docs\12_legal_compliance","1","0","2026-06-17","2026-06-17","md(1)"
"C:\Users\hyun0\Desktop\AX강사준비\실습\AX수업\[AX워크클리닉]\ax-work-clinic-concept-mockup-docs-v2-dark-focus\docs\06_ai_data_security","1","0","2026-06-17","2026-06-17","md(1)"
"C:\Users\hyun0\Documents\WAPL\한기대\공문\~BROMIUM","1","0","2022-10-28","2022-10-28","pdf(1)"
"C:\Users\hyun0\Desktop\AX강사준비\실습\AX수업\[AX워크클리닉]\ax-work-clinic-concept-mockup-docs-v2-dark-focus\docs\99_archive","1","0","2026-06-17","2026-06-17","md(1)"
"C:\Users\hyun0\Documents\WAPL\퇴사\CS업무인계정리\CSAP","1","0","2022-11-18","2022-11-18","txt(1)"
"C:\Users\hyun0\Desktop\AX강사준비\실습\AX수업\[AX워크클리닉]\ax-work-clinic-concept-mockup-docs-v2-dark-focus\docs\07_quality_assurance","1","0.01","2026-06-17","2026-06-17","md(1)"
"C:\Users\hyun0\Documents\AICE\AICE_Future_1급_교재_모의평가\AICE_Future_1급_교재_모의평가\1회\활용데이터\5번 엑셀","1","0.01","2024-11-15","2024-11-15","xlsx(1)"
"C:\Users\hyun0\Documents\WAPL\서울시교육청\진행중\모바일보안성\~BROMIUM","1","0","2022-11-18","2022-11-18","pdf(1)"
"C:\Users\hyun0\Desktop\AX강사준비\실습\AX수업\실습\웹툰생성기_V2_보강\app\api\generated-images\[id]\confirm-and-publish","1","0","2026-06-08","2026-06-08","ts(1)"
"C:\Users\hyun0\Desktop\AX강사준비\실습\AX수업\실습\웹툰생성기_V2_보강\app\api\scenarios","1","0","2026-06-08","2026-06-08","ts(1)"
"C:\Users\hyun0\Desktop\AX강사준비\실습\AX수업\실습\웹툰생성기_V2_보강\data","1","0","2026-06-08","2026-06-08","json(1)"
"C:\Users\hyun0\Desktop\AX강사준비\실습\AX수업\실습\260630_퍼스털컬러\tests\harness","1","0.01","2026-06-30","2026-06-30","js(1)"
"C:\Users\hyun0\Desktop\AX강사준비\실습\AX수업\실습\260630_퍼스털컬러\tests","1","0","2026-06-30","2026-06-30","js(1)"
"C:\Users\hyun0\Desktop\AX강사준비\실습\AX수업\실습\260630_퍼스털컬러\scripts","1","0","2026-06-30","2026-06-30","js(1)"
"C:\Users\hyun0\Desktop\AX강사준비\실습\AX수업\실습\260630_퍼스털컬러\lib\storage","1","0","2026-06-30","2026-06-30","js(1)"
"C:\Users\hyun0\Desktop\AX강사준비\실습\AX수업\실습\웹툰생성기_V2_보강\tests","1","0","2026-06-08","2026-06-08","ts(1)"
"C:\Users\hyun0\Desktop\AX강사준비\실습\AX수업\실습\웹툰생성기\app","1","0","2026-06-09","2026-06-09","css(1)"
"C:\Users\hyun0\Desktop\AX강사준비\실습\AX수업\실습\웹툰생성기\app\api\generate","1","0","2026-06-09","2026-06-09","ts(1)"
"C:\Users\hyun0\Desktop\AX강사준비\실습\AX수업\실습\웹툰생성기_V2_보강\app\api\generated-images","1","0","2026-06-08","2026-06-08","ts(1)"
"C:\Users\hyun0\Desktop\AX강사준비\실습\AX수업\실습\웹툰생성기\app\api\health","1","0","2026-06-09","2026-06-09","ts(1)"
"C:\Users\hyun0\Desktop\AX강사준비\실습\AX수업\실습\웹툰생성기\lib\storage","1","0","2026-06-09","2026-06-09","ts(1)"
"C:\Users\hyun0\Desktop\AX강사준비\실습\AX수업\실습\260630_퍼스털컬러\lib\privacy","1","0","2026-06-30","2026-06-30","js(1)"
"C:\Users\hyun0\Desktop\AX강사준비\실습\AX수업\실습\260630_퍼스털컬러\lib\config","1","0","2026-06-30","2026-06-30","js(1)"
"C:\Users\hyun0\Desktop\AX강사준비\실습\AX수업\실습\AX강의안생성기_수업중\src\app","1","0.01","2026-06-11","2026-06-11","css(1)"
"C:\Users\hyun0\Desktop\AX강사준비\실습\AX수업\실습\AX강의안생성기_수업중\src\app\api\export","1","0","2026-06-11","2026-06-11","ts(1)"
"C:\Users\hyun0\Desktop\AX강사준비\실습\AX수업\실습\AX강의안생성기_수업중\src\app\api\files\[...file]","1","0","2026-06-11","2026-06-11","ts(1)"
"C:\Users\hyun0\Desktop\AX강사준비\실습\AX수업\실습\AX강의안생성기_수업중\src\types","1","0","2026-06-11","2026-06-11","ts(1)"
"C:\Users\hyun0\Desktop\AX강사준비\실습\AX수업\실습\AX강의안생성기\기획서","1","0.03","2026-06-10","2026-06-10","md(1)"
"C:\Users\hyun0\Desktop\AX강사준비\실습\AX수업\실습\AX강의안생성기\app","1","0","2026-06-10","2026-06-10","css(1)"
"C:\Users\hyun0\Desktop\AX강사준비\실습\AX수업\실습\AX강의안생성기\app\api\projects","1","0","2026-06-12","2026-06-12","ts(1)"
"C:\Users\hyun0\Desktop\AX강사준비\실습\AX수업\실습\웹툰생성기\lib","1","0","2026-06-09","2026-06-09","ts(1)"
"C:\Users\hyun0\Desktop\AX강사준비\실습\AX수업\실습\AX강의안생성기\app\api\projects\[id]","1","0","2026-06-12","2026-06-12","ts(1)"
"C:\Users\hyun0\Desktop\AX강사준비\실습\AX수업\실습\웹툰생서기_v2\public\placeholders","1","0.01","2026-06-05","2026-06-05","png(1)"
"C:\Users\hyun0\Desktop\AX강사준비\실습\AX수업\실습\260701_타로카드\docs\03_content","1","0","2026-07-01","2026-07-01","md(1)"
"C:\Users\hyun0\Desktop\AX강사준비\실습\AX수업\실습\긴급2\app\api\admin\auth\login","1","0","2026-06-09","2026-06-09","ts(1)"
"C:\Users\hyun0\Desktop\AX강사준비\실습\AX수업\실습\긴급2\app\api\admin\auth\logout","1","0","2026-06-09","2026-06-09","ts(1)"
"C:\Users\hyun0\Desktop\AX강사준비\실습\AX수업\실습\긴급2\app\api\admin\polls","1","0","2026-06-09","2026-06-09","ts(1)"
"C:\Users\hyun0\Desktop\AX강사준비\실습\AX수업\실습\긴급2\app\api\admin\polls\[pollId]","1","0","2026-06-09","2026-06-09","ts(1)"
"C:\Users\hyun0\Desktop\AX강사준비\실습\AX수업\실습\긴급2\app\api\admin\polls\[pollId]\close","1","0","2026-06-09","2026-06-09","ts(1)"
"C:\Users\hyun0\Desktop\AX강사준비\실습\AX수업\실습\긴급2\app\api\polls\[pollId]","1","0","2026-06-09","2026-06-09","ts(1)"
"C:\Users\hyun0\Desktop\AX강사준비\실습\AX수업\실습\긴급2\app\api\polls\[pollId]\comments","1","0","2026-06-09","2026-06-09","ts(1)"
"C:\Users\hyun0\Desktop\AX강사준비\실습\AX수업\실습\긴급2\app\api\polls\[pollId]\results","1","0","2026-06-09","2026-06-09","ts(1)"
"C:\Users\hyun0\Desktop\AX강사준비\실습\AX수업\실습\긴급2\app\api\polls\[pollId]\votes","1","0","2026-06-09","2026-06-09","ts(1)"
"C:\Users\hyun0\Desktop\AX강사준비\실습\AX수업\실습\긴급2\prisma","1","0","2026-06-09","2026-06-09","ts(1)"
"C:\Users\hyun0\Desktop\AX강사준비\실습\AX수업\실습\260701_타로카드\docs\02_development","1","0","2026-07-01","2026-07-01","md(1)"
"C:\Users\hyun0\Desktop\AX강사준비\실습\AX수업\실습\김정윤","1","0.03","2026-06-19","2026-06-19","md(1)"
"C:\Users\hyun0\Desktop\AX강사준비\실습\AX수업\실습\따라하기\src\app","1","0","2026-06-05","2026-06-05","css(1)"
"C:\Users\hyun0\Desktop\AX강사준비\실습\AX수업\실습\따라하기\src\app\api","1","0","2026-06-05","2026-06-05","ts(1)"
"C:\Users\hyun0\Desktop\AX강사준비\실습\AX수업\실습\따라하기\src\app\api\generate-content","1","0","2026-06-05","2026-06-05","ts(1)"
"C:\Users\hyun0\Desktop\AX강사준비\실습\AX수업\실습\따라하기\src\app\api\regenerate-all","1","0","2026-06-05","2026-06-05","ts(1)"
"C:\Users\hyun0\Desktop\AX강사준비\실습\AX수업\실습\따라하기\src\app\api\regenerate-image","1","0","2026-06-05","2026-06-05","ts(1)"
"C:\Users\hyun0\Desktop\AX강사준비\실습\AX수업\실습\따라하기\src\app\api\regenerate-text","1","0","2026-06-05","2026-06-05","ts(1)"
"C:\Users\hyun0\Desktop\AX강사준비\실습\AX수업\실습\260701_타로카드\docs\05_implementation","1","0","2026-07-01","2026-07-01","md(1)"
"C:\Users\hyun0\Desktop\AX강사준비\실습\AX수업\실습\따라하기\src\lib\orchestrator","1","0","2026-06-05","2026-06-05","ts(1)"
"C:\Users\hyun0\Desktop\AX강사준비\실습\AX수업\실습\따라하기\src\types","1","0","2026-06-05","2026-06-05","ts(1)"
"C:\Users\hyun0\Desktop\AX강사준비\실습\AX수업\실습\웹툰생서기_v2\app","1","0","2026-06-05","2026-06-05","css(1)"
"C:\Users\hyun0\Desktop\AX강사준비\실습\AX수업\실습\260701_타로카드\src","1","0","2026-07-01","2026-07-01","ts(1)"
"C:\Users\hyun0\Documents\WAPL\서울시교육청\진행중\연구본부확인사항들","1","0.09","2022-11-17","2022-11-17","pptx(1)"
"C:\Users\hyun0\Desktop\AX강사준비\실습\AX수업\실습\AX강의안생성기\app\api\projects\[id]\ai\regenerate","1","0","2026-06-10","2026-06-10","ts(1)"
"C:\Users\hyun0\Desktop\AX강사준비\실습\AX수업\실습\AX강의안생성기\app\api\projects\[id]\export\markdown","1","0","2026-06-10","2026-06-10","ts(1)"
"C:\Users\hyun0\Documents\AICE\AICE_Future_1급_교재_모의평가\AICE_Future_1급_교재_모의평가\1회\활용데이터\6번 이미지","1","0.13","2024-11-15","2024-11-15","jpg(1)"
"C:\Users\hyun0\Documents\AICE\AICE_Future_1급_교재_모의평가\AICE_Future_1급_교재_모의평가\1회\활용데이터\8번 API","1","0","2024-11-15","2024-11-15","txt(1)"
"C:\Users\hyun0\Documents\AICE\AICE_Future_1급_교재_모의평가\AICE_Future_1급_교재_모의평가\2회\활용데이터\4번 이미지","1","0.11","2024-11-15","2024-11-15","jpg(1)"
"C:\Users\hyun0\Documents\AICE\AICE_Future_1급_교재_모의평가\AICE_Future_1급_교재_모의평가\2회\활용데이터\6번 이미지","1","0.15","2024-11-15","2024-11-15","jpg(1)"
"C:\Users\hyun0\Documents\AICE\AICE_Future_1급_교재_모의평가\AICE_Future_1급_교재_모의평가\3회\활용데이터\6번 엑셀 데이터","1","0.01","2024-11-15","2024-11-15","xlsx(1)"
"C:\Users\hyun0\Documents\AICE\AICE_Future_1급_교재_모의평가\AICE_Future_1급_교재_모의평가\3회\활용데이터\8번 API","1","0","2024-11-15","2024-11-15","txt(1)"
"C:\Users\hyun0\Documents\AICE\AICE_Future_1급_학습자료\AICE_Future_1급_학습자료\3장\2. 공공 데이터 포털 활용하기","1","0.01","2024-11-15","2024-11-15","xlsx(1)"
"C:\Users\hyun0\Documents\AICE\AICE_Future_1급_학습자료\AICE_Future_1급_학습자료\5장\2. 실시간 공공데이터를 활용한 AI코딩\실전문제_문제","1","0","2024-11-15","2024-11-15","txt(1)"
"C:\Users\hyun0\Desktop\AX강사준비\실습\AX수업\[AX워크클리닉]\ax-work-clinic-concept-mockup-docs\ax-work-clinic-concept-mockup-docs\docs\99_archive","1","0","2026-06-17","2026-06-17","md(1)"
"C:\Users\hyun0\Documents\WAPL\2023년_경영기획_사업계획\최종안","1","0.02","2022-10-31","2022-10-31","xlsx(1)"
"C:\Users\hyun0\Desktop\AX강사준비\실습\AX수업\실습\260701_타로카드\src\styles","1","0.01","2026-07-01","2026-07-01","css(1)"
"C:\Users\hyun0\Desktop\AX강사준비\실습\AX수업\[AX워크클리닉]\ax-work-clinic-concept-mockup-docs\ax-work-clinic-concept-mockup-docs\docs\12_legal_compliance","1","0","2026-06-17","2026-06-17","md(1)"
"C:\Users\hyun0\Desktop\AX강사준비\실습\AX수업\[AX워크클리닉]\ax-work-clinic-concept-mockup-docs\ax-work-clinic-concept-mockup-docs\docs\06_ai_data_security","1","0","2026-06-17","2026-06-17","md(1)"
"C:\Users\hyun0\Documents\WAPL\공수기반견적체계\~BROMIUM","1","0","2022-10-21","2022-10-21","pdf(1)"
"C:\Users\hyun0\Documents\WAPL\비즈메카\~BROMIUM","1","0","2022-11-18","2022-11-18","docx(1)"
"C:\Users\hyun0\Documents\WAPL\사업&DoTo\합본","1","0.02","2022-11-11","2022-11-11","xlsx(1)"
"C:\Users\hyun0\Documents\WAPL\사업&DoTo\활동일지","1","0.02","2022-11-11","2022-11-11","xlsx(1)"
"C:\Users\hyun0\Desktop\AX강사준비\실습\AX수업\[AX워크클리닉]\ax-work-clinic-concept-mockup-docs\ax-work-clinic-concept-mockup-docs\docs\04_requirements","1","0","2026-06-17","2026-06-17","md(1)"
"C:\Users\hyun0\Documents\WAPL\서울시교육청\서울시교육청 협업솔루션 구축사업_220926\2. 설명회 자료","1","20.07","2022-09-26","2022-09-26","pptx(1)"
"C:\Users\hyun0\Documents\WAPL\서울시교육청\서울시교육청 협업솔루션 구축사업_220926\3. 고객요구사항","1","0","2022-09-26","2022-09-26","txt(1)"
"C:\Users\hyun0\Desktop\AX강사준비\실습\AX수업\[AX워크클리닉]\ax-work-clinic-concept-mockup-docs\ax-work-clinic-concept-mockup-docs\docs\01_business_strategy","1","0","2026-06-17","2026-06-17","md(1)"
"C:\Users\hyun0\Documents\WAPL\서울시교육청\진행중\~BROMIUM","1","0","2022-11-15","2022-11-15","pdf(1)"
"C:\Users\hyun0\Desktop\AX강사준비\실습\AX수업\[AX워크클리닉]\ax-work-clinic-concept-mockup-docs\ax-work-clinic-concept-mockup-docs\docs\07_quality_assurance","1","0","2026-06-17","2026-06-17","md(1)"
"C:\Users\hyun0\Desktop\AX강사준비\실습\AX수업\실습\AX강의안생성기\app\api\projects\[id]\export\bundle","1","0","2026-06-11","2026-06-11","ts(1)"
"C:\Users\hyun0\Desktop\AX강사준비\실습\AX수업\데모데이","1","0.97","2026-07-07","2026-07-07","pdf(1)"
"C:\Users\hyun0\Documents\파이선\ch01","1","0","2016-01-21","2016-01-21","py(1)"
"C:\Users\hyun0\Desktop\AX강사준비\실습\AX수업\실습\AX강의안생성기\app\api\sources\brief","1","0","2026-06-11","2026-06-11","ts(1)"
"C:\Users\hyun0\Desktop\AX강사준비\실습\AX수업\실습\AX강의안생성기\app\api\sources\collect","1","0","2026-06-12","2026-06-12","ts(1)"
"C:\Users\hyun0\Desktop\AX강사준비\실습\AX수업\실습\AX강의안생성기\data","1","0","2026-06-12","2026-06-12","json(1)"
"C:\Users\hyun0\Desktop\AX강사준비\실습\AX수업\실습\AX강의안생성기\data\projects","1","0.06","2026-06-12","2026-06-12","json(1)"
"C:\Users\hyun0\Desktop\AX강사준비\실습\AX수업\실습\AX강의안생성기\src\lib\markdown","1","0.01","2026-06-11","2026-06-11","ts(1)"
"C:\Users\hyun0\Desktop\AX강사준비\실습\AX수업\실습\AX강의안생성기\src\types","1","0","2026-06-11","2026-06-11","ts(1)"
"C:\Users\hyun0\Documents\김현래\소개자료\김현래_포트폴리오","1","0.01","2024-12-05","2024-12-05","html(1)"
"C:\Users\hyun0\Documents\김현래\소개자료\김현래_포트폴리오\css","1","0.02","2024-12-05","2024-12-05","css(1)"
"C:\Users\hyun0\Documents\김현래\소개자료\김현래_포트폴리오\impress.js-master\impress.js-master\css","1","0.02","2024-12-05","2024-12-05","css(1)"
"C:\Users\hyun0\Documents\김현래\소개자료\김현래_포트폴리오\impress.js-master\impress.js-master\js","1","0.03","2024-12-05","2024-12-05","js(1)"
"C:\Users\hyun0\Documents\파이선\chapter03","1","0","2015-11-05","2015-11-05","py(1)"
"C:\Users\hyun0\Documents\김현래\소개자료\김현래_포트폴리오\js","1","0.03","2024-12-05","2024-12-05","js(1)"
"C:\Users\hyun0\Desktop\AX강사준비\실습\AX수업\실습\260629_구글캘린더_할일관리\google-calendar-todo-lab\src\test","1","0","2026-06-29","2026-06-29","ts(1)"
"C:\Users\hyun0\Desktop\AX강사준비\실습\AX수업\실습\260629_구글캘린더_할일관리\google-calendar-todo-lab\src\prompts","1","0","2026-06-29","2026-06-29","ts(1)"
"C:\Users\hyun0\Documents\알티노","1","0.15","2025-07-09","2025-07-09","zip(1)"
"C:\Users\hyun0\Desktop\AX강사준비\실습\AX수업\실습\260629_구글캘린더_할일관리\google-calendar-todo-lab\server","1","0.01","2026-06-29","2026-06-29","ts(1)"
"C:\Users\hyun0\Documents\알티노\python(AltinoLite)\serial\threaded","1","0.01","2025-07-09","2025-07-09","py(1)"
"C:\Users\hyun0\Desktop\AX강사준비\실습\AX수업\실습\260629_구글캘린더_할일관리\google-calendar-todo-lab\e2e","1","0","2026-06-29","2026-06-29","ts(1)"
"C:\Users\hyun0\Desktop\AX강사준비\실습\AX수업\실습\260629_구글캘린더_할일관리\google-calendar-todo-lab\docs","1","0.02","2026-06-29","2026-06-29","md(1)"
"C:\Users\hyun0\Desktop\AX강사준비\실습\AX수업\실습\260629_구글캘린더_할일관리\google-calendar-todo-lab\data","1","0.01","2026-06-29","2026-06-29","json(1)"
"C:\Users\hyun0\Desktop\AX강사준비\실습\AX수업\실습\260629_구글캘린더_할일관리","1","0.02","2026-06-29","2026-06-29","md(1)"
"C:\Users\hyun0\Documents\파이선\과제\~BROMIUM","1","0","2021-10-26","2021-10-26","py(1)"
"C:\Users\hyun0\Documents\김현래\소개자료\SF_work","1","0","2021-12-02","2021-12-02","html(1)"
"C:\Users\hyun0\Downloads\SAM3\~BROMIUM","1","0","2022-03-29","2022-03-29","zip(1)"
